Stock,Headline,Sentiment,Score,Confidence,Timestamp
Infosys,"IT shares buck trend amid market crash; Mphasis, Coforge, Infosys rise up to 5% - Moneycontrol.com",POSITIVE,1,0.905,2026-10-02 20:20:33
Infosys,Infosys shares recover from 52-week low: Here's why - BusinessLine,NEGATIVE,-1,0.875,2026-10-02 20:20:33
Infosys,"10 Nifty 50 stocks, including Infosys and TCS, posted double-digit losses in September as market sell-off deepens - Livemint",NEGATIVE,-1,0.974,2026-10-02 20:20:33
Infosys,"Stocks to Watch for October 1: Insurance stocks, IRFC, NCC, Infosys and more - CNBC TV18",NEUTRAL,0,0.945,2026-10-02 20:20:33
Infosys,Infosys shares hit 6-year low intraday; here's how you should trade - Moneycontrol.com,NEGATIVE,-1,0.572,2026-10-02 20:20:33
Infosys,"Infosys, Wipro ADRs jump up to 10% after Accenture Q4 results beat Wall Street estimates - Livemint",POSITIVE,1,0.94,2026-10-02 20:20:33
Infosys,"Nifty IT crashes 11% in September: TCS, Infosys, Wipro among top losers — Can Q2 earnings spark a rebound? - Livemint",POSITIVE,1,0.721,2026-10-02 20:20:33
Infosys,"Nifty IT jumps 2%; Mphasis, Coforge, Infosys, TCS among top gainers - Reason behind the rally, Q2 results expectations - Livemint",POSITIVE,1,0.887,2026-10-02 20:20:33
Reliance Industries,Reliance Industries stock: Company allots 13 lakh private-placement debentures - AD HOC NEWS,NEUTRAL,0,0.952,2026-10-02 20:20:36
Reliance Industries,Reliance shares hit a fresh 52-week low; stock plunges 24% YTD - Time to buy or stay away? - Livemint,NEGATIVE,-1,0.766,2026-10-02 20:20:36
Reliance Industries,"Reliance Industries down 2%, at 17-month low; what's making Street nervous? - Business Standard",NEGATIVE,-1,0.966,2026-10-02 20:20:36
Reliance Industries,Reliance Industries Prediction for Monday: 5 Oct 2026 - univest.in,NEUTRAL,0,0.938,2026-10-02 20:20:36
Reliance Industries,"SENSEX, NIFTY50 edge higher led by gains in ICICI Bank, Reliance Industries - Upstox",POSITIVE,1,0.946,2026-10-02 20:20:36
Reliance Industries,"Reliance Industries shares move up after securing long-term green ammonia offtake agreement with Samsung C&T, details here - Alice Blue",POSITIVE,1,0.68,2026-10-02 20:20:36
Reliance Industries,"Stock markets edged higher in early trade amid lower crude oil prices, buying in Reliance Industries - The Hindu",POSITIVE,1,0.879,2026-10-02 20:20:36
Reliance Industries,"Suzlon, KPIT Tech, RIL, IRFC, HDFC Bank, Infy: 56% Nifty500 stocks in bear grip amid market sell-off - Business Today",NEGATIVE,-1,0.942,2026-10-02 20:20:36
HDFC Bank,"HDFC Bank climbs Thursday, outperforms market - MarketWatch",POSITIVE,1,0.943,2026-10-02 20:20:39
HDFC Bank,HDFC Bank gets a new CEO in Anup Bagchi - Can the share price get a new lease of life too? - CNBC TV18,NEUTRAL,0,0.854,2026-10-02 20:20:39
HDFC Bank,HDFC Bank Shares Rise 1%: What’s behind the leadership changes? - BusinessLine,NEUTRAL,0,0.901,2026-10-02 20:20:39
HDFC Bank,"HDFC Bank, Tech Mahindra, Varun Beverages: Top largecap stocks to buy; check price targets & more - Business Today",NEUTRAL,0,0.918,2026-10-02 20:20:39
HDFC Bank,HDFC Bank shares: How stock fared since Atanu Chakraborty's exit till Anup Bagchi appointment- Performance data details - Livemint,NEUTRAL,0,0.876,2026-10-02 20:20:39
HDFC Bank,HDFC Bank ADRs jump over 5% after Anup Bagchi appointed as MD & CEO for three years - Livemint,POSITIVE,1,0.809,2026-10-02 20:20:39
HDFC Bank,"With Anup Bagchi as CEO, a deep-dive into how bank stocks fared after top boss changes - Yes, RBL, IndusInd, HDFC Bank - Livemint",NEUTRAL,0,0.875,2026-10-02 20:20:39
HDFC Bank,"Experts' views: Can new HDFC Bank CEO-MD Anup Bagchi's appointment change fortunes of Sensex, Nifty, Bank Nifty indices? - Livemint",NEUTRAL,0,0.914,2026-10-02 20:20:40
TCS,"TCS, Wipro, Infosys, HCL Tech: Why experts see IT stocks' price jump on Monday — What's giving the boost? - Livemint",NEUTRAL,0,0.811,2026-10-02 20:20:42
TCS,"Nifty IT defies market weakness, rises 2%; Mphasis, Coforge, TCS lead - Business Standard",POSITIVE,1,0.939,2026-10-02 20:20:42
TCS,"IT Stocks In Red: TCS, Wipro, Infosys, HCLTech Share Price Falls Up To 2% - NDTV Profit",NEGATIVE,-1,0.819,2026-10-02 20:20:43
TCS,Tata Consultancy Services Prediction for Monday: 5 Oct 2026 - univest.in,NEUTRAL,0,0.942,2026-10-02 20:20:43
TCS,Tecsys Inc. (TSE:TCS) Stock Has Average Price Target of C$38.90 - marketbeat.com,NEUTRAL,0,0.947,2026-10-02 20:20:43
TCS,Better IT Stock: TCS vs Infosys - Equitymaster,NEUTRAL,0,0.667,2026-10-02 20:20:43
TCS,"10 Nifty 50 stocks, including Infosys and TCS, posted double-digit losses in September as market sell-off deepens - Livemint",NEGATIVE,-1,0.974,2026-10-02 20:20:43
TCS,Tata stocks drop amid concerns over listing; Titan and TCS lead decline - Business Standard,NEGATIVE,-1,0.97,2026-10-02 20:20:43
ICICI Bank,"SENSEX, NIFTY50 edge higher led by gains in ICICI Bank, Reliance Industries - Upstox",POSITIVE,1,0.946,2026-10-02 20:20:46
ICICI Bank,"Macquarie stock recommendations: ICICI Bank, SBI, PayTM to LIC — top 11 financial shares to buy on rerating potential - Livemint",NEUTRAL,0,0.93,2026-10-02 20:20:46
ICICI Bank,"ICICI Bank (ICICIBANK) Share Price, News, Stock Market Cap NSE/BSE - TechGraph",NEUTRAL,0,0.947,2026-10-02 20:20:46
ICICI Bank,"ICICI: How a Single Group Became the Boardroom Talent Pipeline of Indian Banking, Financial Services and Insurance (BFSI) - Moneylife",NEUTRAL,0,0.931,2026-10-02 20:20:46
ICICI Bank,HDFC Bank shares: Will stock finally reward its investors after Anup Bagchi as new MD-CEO? - Livemint,NEUTRAL,0,0.686,2026-10-02 20:20:46
ICICI Bank,"ICICI Bank (ICICIBANK) Share Price Rises 2.20% Today as Stock Traded at Rs 1,321 - univest.in",POSITIVE,1,0.927,2026-10-02 20:20:46
ICICI Bank,ICICI Bank is top pick for Elara Securities amid strong auto demand outlook - CNBC TV18,POSITIVE,1,0.818,2026-10-02 20:20:46
ICICI Bank,ICICI Bank schedules October 17 results as 3 reports cover ICICI Bank stock - AD HOC NEWS,NEUTRAL,0,0.95,2026-10-02 20:20:46
Nifty 50,"Stock Market Today Highlights: BSE Sensex closes almost 50 points down, NSE Nifty50 ends above 22,700 mark - The Times of India",NEGATIVE,-1,0.933,2026-10-02 20:20:49
Nifty 50,"Sensex Today | Nifty 50 | Stock Market Highlights: Sensex ends 299 pts higher, Nifty above 23,400; metal ... - The Economic Times",POSITIVE,1,0.867,2026-10-02 20:20:49
Nifty 50,Indian benchmark shares post longest weekly losing run in 25 years - Reuters,NEGATIVE,-1,0.923,2026-10-02 20:20:49
Nifty 50,Stock Market sell-off: These eight Nifty 50 stocks are at or near 52-week lows - CNBC TV18 - LinkedIn,NEGATIVE,-1,0.83,2026-10-02 20:20:49
Nifty 50,"Vaishali Parekh's top 3 stocks to buy: CG Power, Graphite India, Bectors Food | Target, stop-loss, market outlook - Livemint",NEUTRAL,0,0.849,2026-10-02 20:20:49
Nifty 50,"Stock market today: Trade guide for Sensex, Nifty 50, crude oil and gold on 1 October 2026 - univest.in",NEUTRAL,0,0.94,2026-10-02 20:20:49
Nifty 50,"Over Rs 10,00,00,00,00,000 Wiped Out! Sensex Crashes 1,000 Points, Nifty 50 Slips Below 22,300 - NDTV Profit",NEGATIVE,-1,0.924,2026-10-02 20:20:49
Nifty 50,"Experts' view: Why would bears cheer Nifty's breakdown below 22,000? - Livemint",NEUTRAL,0,0.895,2026-10-02 20:20:49
